# A POS tag dictionary that's used as an addition (or as a fix) to catalan.dict
# These words are candidates to be added (or fixed) in catalan.dict in the future
# File Encoding: UTF-8
# Format: fullform baseform postags (tab separated)
########## Dictionary fixes ##########
########## Additions ##########
ABS	ABS	AQ0CN0
ABS	ABS	NCCN000
AIS	AIS	NCFN000
ARRO	ARRO	NPCNO00
Ahmed	Ahmed	NPMSSP0
Aldini	Aldini	NPCNSP0
Aldrin	Aldrin	NPCNSP0
Aleksei	Aleksei	NPMSSP0
André	André	NPCNSP0
Arcimboldo	Arcimboldo	NPMSSP0
Artsakh	Artsakh	NPCSG00
Asimov	Asimov	NPCNSP0
Australopithecus	Australopithecus	NCMN000
Ayuso	Ayuso	NPCNSP0
BRIMO	BRIMO	NPCNO00
Bachelet	Bachelet	NPCNSP0
Baena	Baena	NPCNSP0
Baskonia	Baskonia	NPMSO00
Beaufort	Beaufort	NPCNSP0
Becker	Becker	NPCNSP0
Benguerel	Benguerel	NPCNSP0
Bergoglio	Bergoglio	NPCNSP0
Bermejo	Bermejo	NPCNSP0
Bersey	Bersey	NPCNSP0
Biden	Biden	NPCNSP0
Bloomsbury	Bloomsbury	NPCSG00
Brian	Brian	NPMSSP0
Buonarroti	Buonarroti	NPCNSP0
Bárcenas	Bárcenas	NPCNSP0
CNP	CNP	NPMSO00
CUAP	CUAP	NCMN000
Calvo	Calvo	NPCNSP0
Carl	Carl	NPMSSP0
Carnegie	Carnegie	NPCNSP0
Carod-Rovira	Carod-Rovira	NPCNSP0
Cavendish	Cavendish	NPCNSP0
Cinquecento	Cinquecento	NCMS000
Classroom	Classroom	NPCNO00
Claude	Claude	NPMSSP0
Clickedu	Clickedu	NPMSO00
CoNCA	CoNCA	NPMSO00
Collins	Collins	NPCNSP0
Contrahierbas	Contrahierbas	NPCNG00
Cotxinxina	Cotxinxina	NPFSG00
Cunningham	Cunningham	NPCNSP0
Cánovas	Cánovas	NPCNSP0
Céline	Céline	NPCNSP0
Davidson	Davidson	NPCNSP0
Dawkins	Dawkins	NPCNSP0
DeLorean	DeLorean	NPCNO00
Delacroix	Delacroix	NPCNSP0
Dell	Dell	NPCNO00
Dumas	Dumas	NPCNSP0
Díez	Díez	NPCNSP0
EAP	EAP	NCMN000
ESA	ESA	NPFSO00
Edurne	Edurne	NPFSSP0
Elon	Elon	NPMSSP0
Elton	Elton	NPMSSP0
Ennio	Ennio	NPMSSP0
Escobar	Escobar	NPCNSP0
Eurobaròmetre	Eurobaròmetre	NCMS000
Eurobaròmetres	Eurobaròmetre	NCMP000
FSMCV	FSMCV	NPFSO00
Fontalba	Fontalba	NPFSG00
Foster	Foster	NPCNSP0
Franz	Franz	NPMSSP0
Freddie	Freddie	NPMSSP0
Freixa	Freixa	NPCNSP0
GSM	GSM	NPCNO00
GSMA	GSMA	NPFSO00
Galeazzi	Galeazzi	NPCNSP0
Galindo	Galindo	NPCNSP0
Gallardo	Gallardo	NPCNSP0
Galvani	Galvani	NPCNSP0
Gbps	Gbps	NCMN000
Gerhard	Gerhard	NPCNSP0
Gianni	Gianni	NPMSSP0
Graham	Graham	NPMSSP0
Groucho	Groucho	NPMSSP0
Hannah	Hannah	NPFSSP0
Hans	Hans	NPMSSP0
Harvey	Harvey	NPCNSP0
Hawking	Hawking	NPCNSP0
Hawks	Hawks	NPCNSP0
Hergé	Hergé	NPMSSP0
Hermione	Hermione	NPFSSP0
Hertzsprung	Hertzsprung	NPCNSP0
Hilary	Hilary	NPFSSP0
Hogwarts	Hogwarts	NPCSG00
Iceta	Iceta	NPCNSP0
Ióssif	Ióssif	NPMSSP0
JOC	JOC	NPCSO00
Jacobi	Jacobi	NPCNSP0
Jean-Baptiste	Jean-Baptiste	NPMSSP0
Johannes	Johannes	NPMSSP0
JuntsxCat	JuntsxCat	NPCNO00
JxCat	JxCat	NPCNO00
Karabakh	Karabakh	NPCSG00
Katherine	Katherine	NPFSSP0
Keitel	Keitel	NPCNSP0
Kenneth	Kenneth	NPMSSP0
King	King	NPCNSP0
Kuiper	Kuiper	NPCNSP0
Lawrence	Lawrence	NPCNSP0
Leonardo	Leonardo	NPMSSP0
Lovelace	Lovelace	NPCNSP0
Lully	Lully	NPMSSP0
Mainat	Mainat	NPCNSP0
Marilyn	Marilyn	NPFSSP0
MasterChef	MasterChef	NPCNO00
Mbps	Mbps	NCMN000
Mediapro	Mediapro	NPCNO00
Mirotić	Mirotić	NPCNSP0
Morricone	Morricone	NPCNSP0
Murillo	Murillo	NPCNSP0
Musk	Musk	NPCNSP0
Márquez	Márquez	NPCNSP0
Mérimée	Mérimée	NPCNSP0
Nadal	Nadal	NCMS000
Nadals	Nadal	NCMP000
Nagorno	Nagorno	NPCSG00
Narváez	Narváez	NPCNSP0
Navalni	Navalni	NPCNSP0
Niccolò	Niccolò	NPMSSP0
Nicholson	Nicholson	NPCNSP0
Nikola	Nikola	NPMSSP0
Nikolai	Nikolai	NPMSSP0
Noah	Noah	NPCSSP0
Nyong'o	Nyong'o	NPCNSP0
PAH	PAH	NPFSO00
PCE	PCE	NPFNO00
PCE	PCE	NPMSO00
PDECat	PDECat	NPMSO00
Paddington	Paddington	NPCNSP0
Paganini	Paganini	NPCNSP0
Pardo	Pardo	NPCNSP0
Piketty	Piketty	NPCNSP0
Pirandello	Pirandello	NPCNSP0
Polanco	Polanco	NPCNSP0
Polanski	Polanski	NPCNSP0
Pollock	Pollock	NPCNSP0
Priestley	Priestley	NPCNSP0
Pérez-Reverte	Pérez-Reverte	NPCNSP0
Quattrocento	Quattrocento	NCMS000
Quesnay	Quesnay	NPCNSP0
RAE	RAE	NPFSO00
Rainhill	Rainhill	NPCNG00
Riemann	Riemann	NPCNSP0
Romagnosi	Romagnosi	NPCNSP0
Rothschild	Rothschild	NPCNSP0
SAP	SAP	NCCN000
SDPI	SDPI	NCMN000
SMTP	SMTP	NCMN000
Sainz	Sainz	NPCNSP0
Salinger	Salinger	NPCNSP0
Sanjurjo	Sanjurjo	NPCNSP0
Saunders	Saunders	NPCNSP0
Schneider	Schneider	NPCNSP0
Schröder	Schröder	NPCNSP0
Schwartz	Schwartz	NPCNSP0
Science	Science	NPFSO00
Sinclair	Sinclair	NPCNSP0
Somerville	Somerville	NPCSG00
Soros	Soros	NPCNSP0
Spencer	Spencer	NPCNSP0
Stephen	Stephen	NPMSSP0
Stephenson	Stephenson	NPCNSP0
TB	TB	NCMN000
TSJC	TSJC	NPMSO00
Taiping	Taiping	NPCNSP0
Tarquini	Tarquini	NPMSSP0
Tel-Aviv	Tel-Aviv	NPCSG00
Thor	Thor	NPMSSP0
Tiffany	Tiffany	NPCNO00
Torra	Torra	NPCNSP0
Tourette	Tourette	NPCNSP0
Trapero	Trapero	NPCNSP0
Trouvé	Trouvé	NPCNSP0
Tulleries	Tulleries	NPFPG00
UDEF	UDEF	NPFSO00
UHT	UHT	AQ0CN0
Verne	Verne	NPCNSP0
Voyager	Voyager	NPCNO00
Willendorf	Willendorf	NPCNSP0
afrofeminista	afrofeminista	AQ0CS0
afrofeministes	afrofeminista	AQ0CP0
angloesfera	angloesfera	NCFS000
angloesferes	angloesfera	NCFP000
antiracisme	antiracisme	NCMS000
aparcabicicletes	aparcabicicletes	NCMN000
asturlleonesos	asturlleonès	NCMP000
asturlleonès	asturlleonès	NCMS000
asturlleonés	asturlleonès	NCMS000
bengalina	bengalí	AQ0FS0
bengalina	bengalí	NCFS000
bengalines	bengalí	AQ0FP0
bengalines	bengalí	NCFP000
bengalins	bengalí	AQ0MP0
bengalins	bengalí	NCMP000
bengalí	bengalí	AQ0MS0
bengalí	bengalí	NCMS000
capacitisme	capacitisme	NCMS000
capacitismes	capacitisme	NCMP000
caïnisme	caïnisme	NCMS000
caïnismes	caïnisme	NCMP000
cientificofilosòfic	cientificofilosòfic	AQ0MS0
cientificofilosòfica	cientificofilosòfic	AQ0FS0
cientificofilosòfics	cientificofilosòfic	AQ0MP0
cientificofilosòfiques	cientificofilosòfic	AQ0FP0
cisfòbia	cisfòbia	NCFS000
cisfòbies	cisfòbia	NCFP000
col·loquialitat	col·loquialitat	NCFS000
col·loquialitats	col·loquialitat	NCFP000
condecorable	condecorable	AQ0CS0
condecorables	condecorable	AQ0CP0
construccionista	construccionista	AQ0CS0
construccionistes	construccionista	AQ0CP0
contrainforme	contrainforme	NCMS000
contrainformes	contrainforme	NCMP000
cosmopolitista	cosmopolitista	AQ0CS0
cosmopolitistes	cosmopolitista	AQ0CP0
deportador	deportador	NCMS000
deportadora	deportador	NCFS000
deportadores	deportador	NCFP000
deportadors	deportador	NCMP000
desalfabetitzacions	desalfabetització	NCFP000
desalfabetització	desalfabetització	NCFS000
desbordada	desbordat	AQ0FS0
desbordades	desbordat	AQ0FP0
desbordadíssim	desbordadíssim	AQAMS0
desbordadíssima	desbordadíssim	AQAFS0
desbordadíssimes	desbordadíssim	AQAFP0
desbordadíssims	desbordadíssim	AQAMP0
desbordat	desbordat	AQ0MS0
desbordats	desbordat	AQ0MP0
desespanyolitzacions	desespanyolització	NCFP000
desespanyolització	desespanyolització	NCFS000
desigualitari	desigualitari	AQ0MS0
desigualitaris	desigualitari	AQ0MP0
desigualitària	desigualitari	AQ0FS0
desigualitàries	desigualitari	AQ0FP0
desjudicialitz	desjudicialitzar	VMIP1S0B
desjudicialitza	desjudicialitzar	VMIP3S00
desjudicialitza	desjudicialitzar	VMM02S00
desjudicialitzada	desjudicialitzar	VMP00SF0
desjudicialitzades	desjudicialitzar	VMP00PF0
desjudicialitzam	desjudicialitzar	VMIP1P0B
desjudicialitzant	desjudicialitzar	VMG00000
desjudicialitzar	desjudicialitzar	VMN00000
desjudicialitzara	desjudicialitzar	VMSI1S03
desjudicialitzara	desjudicialitzar	VMSI3S03
desjudicialitzaran	desjudicialitzar	VMIF3P00
desjudicialitzarem	desjudicialitzar	VMIF1P00
desjudicialitzaren	desjudicialitzar	VMIS3P00
desjudicialitzaren	desjudicialitzar	VMSI3P03
desjudicialitzares	desjudicialitzar	VMIS2S00
desjudicialitzares	desjudicialitzar	VMSI2S03
desjudicialitzareu	desjudicialitzar	VMIF2P00
desjudicialitzaria	desjudicialitzar	VMIC1S00
desjudicialitzaria	desjudicialitzar	VMIC3S00
desjudicialitzarien	desjudicialitzar	VMIC3P00
desjudicialitzaries	desjudicialitzar	VMIC2S00
desjudicialitzarà	desjudicialitzar	VMIF3S00
desjudicialitzaràs	desjudicialitzar	VMIF2S00
desjudicialitzaré	desjudicialitzar	VMIF1S00
desjudicialitzaríem	desjudicialitzar	VMIC1P00
desjudicialitzaríeu	desjudicialitzar	VMIC2P00
desjudicialitzassen	desjudicialitzar	VMSI3P06
desjudicialitzasses	desjudicialitzar	VMSI2S06
desjudicialitzassin	desjudicialitzar	VMSI3P04
desjudicialitzassis	desjudicialitzar	VMSI2S04
desjudicialitzat	desjudicialitzar	VMP00SM0
desjudicialitzats	desjudicialitzar	VMP00PM0
desjudicialitzau	desjudicialitzar	VMIP2P0B
desjudicialitzau	desjudicialitzar	VMM02P0B
desjudicialitzava	desjudicialitzar	VMII1S00
desjudicialitzava	desjudicialitzar	VMII3S00
desjudicialitzaven	desjudicialitzar	VMII3P00
desjudicialitzaves	desjudicialitzar	VMII2S00
desjudicialitze	desjudicialitzar	VMIP1S0V
desjudicialitze	desjudicialitzar	VMM03S0V
desjudicialitze	desjudicialitzar	VMSP1S0V
desjudicialitze	desjudicialitzar	VMSP3S0V
desjudicialitzem	desjudicialitzar	VMIP1P00
desjudicialitzem	desjudicialitzar	VMM01P00
desjudicialitzem	desjudicialitzar	VMSP1P00
desjudicialitzen	desjudicialitzar	VMIP3P00
desjudicialitzen	desjudicialitzar	VMM03P0V
desjudicialitzen	desjudicialitzar	VMSP3P0V
desjudicialitzes	desjudicialitzar	VMIP2S00
desjudicialitzes	desjudicialitzar	VMSP2S0V
desjudicialitzessen	desjudicialitzar	VMSI3P05
desjudicialitzesses	desjudicialitzar	VMSI2S05
desjudicialitzessin	desjudicialitzar	VMSI3P02
desjudicialitzessis	desjudicialitzar	VMSI2S02
desjudicialitzeu	desjudicialitzar	VMIP2P00
desjudicialitzeu	desjudicialitzar	VMM02P0X
desjudicialitzeu	desjudicialitzar	VMSP2P00
desjudicialitzi	desjudicialitzar	VMM03S0Y
desjudicialitzi	desjudicialitzar	VMSP1S0Y
desjudicialitzi	desjudicialitzar	VMSP3S0Y
desjudicialitzin	desjudicialitzar	VMM03P0Y
desjudicialitzin	desjudicialitzar	VMSP3P0Y
desjudicialitzis	desjudicialitzar	VMSP2S0Y
desjudicialitzo	desjudicialitzar	VMIP1S0C
desjudicialitzà	desjudicialitzar	VMIS3S00
desjudicialitzàrem	desjudicialitzar	VMIS1P00
desjudicialitzàrem	desjudicialitzar	VMSI1P03
desjudicialitzàreu	desjudicialitzar	VMIS2P00
desjudicialitzàreu	desjudicialitzar	VMSI2P03
desjudicialitzàs	desjudicialitzar	VMSI1S07
desjudicialitzàs	desjudicialitzar	VMSI3S07
desjudicialitzàssem	desjudicialitzar	VMSI1P06
desjudicialitzàsseu	desjudicialitzar	VMSI2P06
desjudicialitzàssim	desjudicialitzar	VMSI1P04
desjudicialitzàssiu	desjudicialitzar	VMSI2P04
desjudicialitzàvem	desjudicialitzar	VMII1P00
desjudicialitzàveu	desjudicialitzar	VMII2P00
desjudicialitzés	desjudicialitzar	VMSI1S01
desjudicialitzés	desjudicialitzar	VMSI3S01
desjudicialitzéssem	desjudicialitzar	VMSI1P05
desjudicialitzésseu	desjudicialitzar	VMSI2P05
desjudicialitzéssim	desjudicialitzar	VMSI1P02
desjudicialitzéssiu	desjudicialitzar	VMSI2P02
desjudicialitzí	desjudicialitzar	VMIS1S00
dessexualitzacions	dessexualització	NCFP000
dessexualització	dessexualització	NCFS000
diferents	diferents	DI0CP0
diverses	diversos	DI0FP0
diversos	diversos	DI0MP0
dolicopelviana	dolicopelvià	AQ0FS0
dolicopelvianes	dolicopelvià	AQ0FP0
dolicopelvians	dolicopelvià	AQ0MP0
dolicopelvià	dolicopelvià	AQ0MS0
domiciliatari	domiciliatari	MS
domiciliataris	domiciliatari	MP
domiciliatària	domiciliatari	FS
domiciliatàries	domiciliatari	FP
draft	draft	NCMS000
drafts	draft	NCMP000
ecosolidari	ecosolidari	AQ0MS0
ecosolidaris	ecosolidari	AQ0MP0
ecosolidària	ecosolidari	AQ0FS0
ecosolidàries	ecosolidari	AQ0FP0
esfilagarsament	esfilagarsament	NCMS000
esfilagarsaments	esfilagarsament	NCMP000
estretet	estretet	AQ0MS0
estreteta	estretet	AQ0FS0
estretetes	estretet	AQ0FP0
estretets	estretet	AQ0MP0
excanceller	excanceller	NCMS000
excancellera	excanceller	NCFS000
excancelleres	excanceller	NCFP000
excancellers	excanceller	NCMP000
excepcionalíssim	excepcionalíssim	AQAMS0
excepcionalíssima	excepcionalíssim	AQAFS0
excepcionalíssimes	excepcionalíssim	AQAFP0
excepcionalíssims	excepcionalíssim	AQAMP0
exconvergent	exconvergent	AQ0CS0
exconvergents	exconvergent	AQ0CP0
excristiana	excristià	NCFS000
excristianes	excristià	NCFP000
excristians	excristià	NCMP000
excristià	excristià	NCMS000
exmusulmana	exmusulmà	NCFS000
exmusulmanes	exmusulmà	NCFP000
exmusulmans	exmusulmà	NCMP000
exmusulmà	exmusulmà	NCMS000
extracanviari	extracanviari	AQ0MS0
extracanviaris	extracanviari	AQ0MP0
extracanviària	extracanviari	AQ0FS0
extracanviàries	extracanviari	AQ0FP0
fabricant	fabricant	AQ0CS0
fabricants	fabricant	AQ0CP0
faccionalisme	faccionalisme	NCMS000
faccionalismes	faccionalisme	NCMP000
filojueu	filojueu	AQ0MS0
filojueus	filojueu	AQ0MP0
filojueva	filojueu	AQ0FS0
filojueves	filojueu	AQ0FP0
galeteta	galeteta	NCFS000
galetetes	galeteta	NCFP000
gastable	gastable	AQ0CS0
gastables	gastable	AQ0CP0
geòglif	geòglif	NCMS000
geòglifs	geòglif	NCMP000
globalista	globalista	AQ0CS0
globalistes	globalista	AQ0CP0
grassofòbia	grassofòbia	NCFS000
grassofòbies	grassofòbia	NCFP000
grizzlies	grizzly	NCMP000
grizzly	grizzly	NCMS000
guinyolesc	guinyolesc	AQ0MS0
guinyolesca	guinyolesc	AQ0FS0
guinyolescos	guinyolesc	AQ0MP0
guinyolescs	guinyolesc	AQ0MP0
guinyolesques	guinyolesc	AQ0FP0
heterofòbia	heterofòbia	NCFS000
heterofòbies	heterofòbia	NCFP000
hipermèdia	hipermèdia	AQ0CN0
hiperpurisme	hiperpurisme	NCMS000
hiperpurismes	hiperpurisme	NCMP000
igualet	igualet	AQ0MS0
igualeta	igualet	AQ0FS0
igualetes	igualet	AQ0FP0
igualets	igualet	AQ0MP0
incoterm	incoterm	NCMS000
incoterms	incoterm	NCMP000
indopakistanesa	indopakistanès	AQ0FS0
indopakistaneses	indopakistanès	AQ0FP0
indopakistanesos	indopakistanès	AQ0MP0
indopakistanès	indopakistanès	AQ0MS0
indopakistanés	indopakistanès	AQ0MS0
insider	insider	AQ0CS0
insiders	insider	AQ0CP0
instrumentalitat	instrumentalitat	NCFS000
instrumentalitats	instrumentalitat	NCFP000
intercentres	intercentres	AQ0CN0
interfòbia	interfòbia	NCFS000
interfòbies	interfòbia	NCFP000
intergeneracionalitat	intergeneracionalitat	NCFS000
intrahistòria	intrahistòria	NCFS000
intrahistòries	intrahistòria	NCFP000
invident	invident	AQ0CS0
invidents	invident	AQ0CP0
kbps	kbps	NCMN000
kcal	kcal	NCFN000
levitador	levitador	NCMS000
levitadors	levitador	NCMP000
literalíssim	literalíssim	AQAMS0
literalíssima	literalíssim	AQAFS0
literalíssimes	literalíssim	AQAFP0
literalíssims	literalíssim	AQAMP0
macarra	macarra	NCMS000
macarres	macarra	NCMP000
microcotxe	microcotxe	NCMS000
microcotxes	microcotxe	NCMP000
micromecenes	micromecenes	NCCN000
micropréstec	micropréstec	NCMS000
micropréstecs	micropréstec	NCMP000
microracisme	microracisme	NCMS000
microracismes	microracisme	NCMP000
microtribu	microtribu	NCFS000
microtribus	microtribu	NCFP000
mil·lennista	mil·lennista	NCCS000
mil·lennistes	mil·lennista	NCCP000
miniunitat	miniunitat	NCFS000
miniunitats	miniunitat	NCFP000
monoconreu	monoconreu	NCMS000
monoconreus	monoconreu	NCMP000
monopolar	monopolar	AQ0CS0
monopolars	monopolar	AQ0CP0
neocon	neocon	AQ0CS0
neocons	neocon	AQ0CP0
neoconvergent	neoconvergent	AQ0CS0
neoconvergents	neoconvergent	AQ0CP0
omertà	omertà	NCFS000
ortomolecular	ortomolecular	AQ0CS0
ortomoleculars	ortomolecular	AQ0CP0
outsider	outsider	AQ0CS0
outsiders	outsider	AQ0CP0
pagueta	pagueta	NCFS000
paguetes	pagueta	NCFP000
paradiplomàcia	paradiplomàcia	NCFS000
paradiplomàcies	paradiplomàcia	NCFP000
paradiplomàtic	paradiplomàtic	AQ0MS0
paradiplomàtica	paradiplomàtic	AQ0FS0
paradiplomàtics	paradiplomàtic	AQ0MP0
paradiplomàtiques	paradiplomàtic	AQ0FP0
pedòfil	pedòfil	AQ0MS0
pedòfila	pedòfil	AQ0FS0
pedòfiles	pedòfil	AQ0FP0
pedòfils	pedòfil	AQ0MP0
plebiscit	plebiscitar	VMIP1S0B
plebiscita	plebiscitar	VMIP3S00
plebiscita	plebiscitar	VMM02S00
plebiscitada	plebiscitar	VMP00SF0
plebiscitades	plebiscitar	VMP00PF0
plebiscitam	plebiscitar	VMIP1P0B
plebiscitant	plebiscitar	VMG00000
plebiscitar	plebiscitar	VMN00000
plebiscitara	plebiscitar	VMSI1S03
plebiscitara	plebiscitar	VMSI3S03
plebiscitaran	plebiscitar	VMIF3P00
plebiscitarem	plebiscitar	VMIF1P00
plebiscitaren	plebiscitar	VMIS3P00
plebiscitaren	plebiscitar	VMSI3P03
plebiscitares	plebiscitar	VMIS2S00
plebiscitares	plebiscitar	VMSI2S03
plebiscitareu	plebiscitar	VMIF2P00
plebiscitaria	plebiscitar	VMIC1S00
plebiscitaria	plebiscitar	VMIC3S00
plebiscitarien	plebiscitar	VMIC3P00
plebiscitaries	plebiscitar	VMIC2S00
plebiscitarà	plebiscitar	VMIF3S00
plebiscitaràs	plebiscitar	VMIF2S00
plebiscitaré	plebiscitar	VMIF1S00
plebiscitaríem	plebiscitar	VMIC1P00
plebiscitaríeu	plebiscitar	VMIC2P00
plebiscitassen	plebiscitar	VMSI3P06
plebiscitasses	plebiscitar	VMSI2S06
plebiscitassin	plebiscitar	VMSI3P04
plebiscitassis	plebiscitar	VMSI2S04
plebiscitat	plebiscitar	VMP00SM0
plebiscitats	plebiscitar	VMP00PM0
plebiscitau	plebiscitar	VMIP2P0B
plebiscitau	plebiscitar	VMM02P0B
plebiscitava	plebiscitar	VMII1S00
plebiscitava	plebiscitar	VMII3S00
plebiscitaven	plebiscitar	VMII3P00
plebiscitaves	plebiscitar	VMII2S00
plebiscite	plebiscitar	VMIP1S0V
plebiscite	plebiscitar	VMM03S0V
plebiscite	plebiscitar	VMSP1S0V
plebiscite	plebiscitar	VMSP3S0V
plebiscitem	plebiscitar	VMIP1P00
plebiscitem	plebiscitar	VMM01P00
plebiscitem	plebiscitar	VMSP1P00
plebisciten	plebiscitar	VMIP3P00
plebisciten	plebiscitar	VMM03P0V
plebisciten	plebiscitar	VMSP3P0V
plebiscites	plebiscitar	VMIP2S00
plebiscites	plebiscitar	VMSP2S0V
plebiscitessen	plebiscitar	VMSI3P05
plebiscitesses	plebiscitar	VMSI2S05
plebiscitessin	plebiscitar	VMSI3P02
plebiscitessis	plebiscitar	VMSI2S02
plebisciteu	plebiscitar	VMIP2P00
plebisciteu	plebiscitar	VMM02P0X
plebisciteu	plebiscitar	VMSP2P00
plebisciti	plebiscitar	VMM03S0Y
plebisciti	plebiscitar	VMSP1S0Y
plebisciti	plebiscitar	VMSP3S0Y
plebiscitin	plebiscitar	VMM03P0Y
plebiscitin	plebiscitar	VMSP3P0Y
plebiscitis	plebiscitar	VMSP2S0Y
plebiscito	plebiscitar	VMIP1S0C
plebiscità	plebiscitar	VMIS3S00
plebiscitàrem	plebiscitar	VMIS1P00
plebiscitàrem	plebiscitar	VMSI1P03
plebiscitàreu	plebiscitar	VMIS2P00
plebiscitàreu	plebiscitar	VMSI2P03
plebiscitàs	plebiscitar	VMSI1S07
plebiscitàs	plebiscitar	VMSI3S07
plebiscitàssem	plebiscitar	VMSI1P06
plebiscitàsseu	plebiscitar	VMSI2P06
plebiscitàssim	plebiscitar	VMSI1P04
plebiscitàssiu	plebiscitar	VMSI2P04
plebiscitàvem	plebiscitar	VMII1P00
plebiscitàveu	plebiscitar	VMII2P00
plebiscités	plebiscitar	VMSI1S01
plebiscités	plebiscitar	VMSI3S01
plebiscitéssem	plebiscitar	VMSI1P05
plebiscitésseu	plebiscitar	VMSI2P05
plebiscitéssim	plebiscitar	VMSI1P02
plebiscitéssiu	plebiscitar	VMSI2P02
plebiscití	plebiscitar	VMIS1S00
politicomediàtic	politicomediàtic	AQ0MS0
politicomediàtica	politicomediàtic	AQ0FS0
politicomediàtics	politicomediàtic	AQ0MP0
politicomediàtiques	politicomediàtic	AQ0FP0
porronada	porronada	NCFS000
porronades	porronada	NCFP000
postfeminisme	postfeminisme	NCMS000
postfeminismes	postfeminisme	NCMP000
posthumana	posthumà	AQ0FS0
posthumanes	posthumà	AQ0FP0
posthumans	posthumà	AQ0MP0
posthumà	posthumà	AQ0MS0
postureig	postureig	NCMS000
postureigs	postureig	NCMP000
posturejos	postureig	NCMP000
procatalana	procatalà	AQ0FS0
procatalanes	procatalà	AQ0FP0
procatalanista	procatalanista	AQ0CS0
procatalanistes	procatalanista	AQ0CP0
procatalans	procatalà	AQ0MP0
procatalà	procatalà	AQ0MS0
proespanyol	proespanyol	AQ0MS0
proespanyola	proespanyol	AQ0FS0
proespanyoles	proespanyol	AQ0FP0
proespanyols	proespanyol	AQ0MP0
protoromanticisme	protoromanticisme	NCMS000
protoromanticismes	protoromanticisme	NCMP000
protoromàntic	protoromàntic	AQ0MS0
protoromàntica	protoromàntic	AQ0FS0
protoromàntics	protoromàntic	AQ0MP0
protoromàntiques	protoromàntic	AQ0FP0
provalenciana	provalencià	AQ0FS0
provalencianes	provalencià	AQ0FP0
provalencianista	provalencianista	AQ0CS0
provalencianistes	provalencianista	AQ0CP0
provalencians	provalencià	AQ0MP0
provalencià	provalencià	AQ0MS0
pseudoteràpia	pseudoteràpia	NCFS000
pseudoteràpies	pseudoteràpia	NCFP000
ready-made	ready-made	AQ0CN0
reasfaltatge	reasfaltatge	NCMS000
reasfaltatges	reasfaltatge	NCMP000
recongel	recongelar	VMIP1S0B
recongela	recongelar	VMIP3S00
recongela	recongelar	VMM02S00
recongelada	recongelar	VMP00SF0
recongelades	recongelar	VMP00PF0
recongelam	recongelar	VMIP1P0B
recongelant	recongelar	VMG00000
recongelar	recongelar	VMN00000
recongelara	recongelar	VMSI1S03
recongelara	recongelar	VMSI3S03
recongelaran	recongelar	VMIF3P00
recongelarem	recongelar	VMIF1P00
recongelaren	recongelar	VMIS3P00
recongelaren	recongelar	VMSI3P03
recongelares	recongelar	VMIS2S00
recongelares	recongelar	VMSI2S03
recongelareu	recongelar	VMIF2P00
recongelaria	recongelar	VMIC1S00
recongelaria	recongelar	VMIC3S00
recongelarien	recongelar	VMIC3P00
recongelaries	recongelar	VMIC2S00
recongelarà	recongelar	VMIF3S00
recongelaràs	recongelar	VMIF2S00
recongelaré	recongelar	VMIF1S00
recongelaríem	recongelar	VMIC1P00
recongelaríeu	recongelar	VMIC2P00
recongelassen	recongelar	VMSI3P06
recongelasses	recongelar	VMSI2S06
recongelassin	recongelar	VMSI3P04
recongelassis	recongelar	VMSI2S04
recongelat	recongelar	VMP00SM0
recongelats	recongelar	VMP00PM0
recongelau	recongelar	VMIP2P0B
recongelau	recongelar	VMM02P0B
recongelava	recongelar	VMII1S00
recongelava	recongelar	VMII3S00
recongelaven	recongelar	VMII3P00
recongelaves	recongelar	VMII2S00
recongele	recongelar	VMIP1S0V
recongele	recongelar	VMM03S0V
recongele	recongelar	VMSP1S0V
recongele	recongelar	VMSP3S0V
recongelem	recongelar	VMIP1P00
recongelem	recongelar	VMM01P00
recongelem	recongelar	VMSP1P00
recongelen	recongelar	VMIP3P00
recongelen	recongelar	VMM03P0V
recongelen	recongelar	VMSP3P0V
recongeles	recongelar	VMIP2S00
recongeles	recongelar	VMSP2S0V
recongelessen	recongelar	VMSI3P05
recongelesses	recongelar	VMSI2S05
recongelessin	recongelar	VMSI3P02
recongelessis	recongelar	VMSI2S02
recongeleu	recongelar	VMIP2P00
recongeleu	recongelar	VMM02P0X
recongeleu	recongelar	VMSP2P00
recongeli	recongelar	VMM03S0Y
recongeli	recongelar	VMSP1S0Y
recongeli	recongelar	VMSP3S0Y
recongelin	recongelar	VMM03P0Y
recongelin	recongelar	VMSP3P0Y
recongelis	recongelar	VMSP2S0Y
recongelo	recongelar	VMIP1S0C
recongelà	recongelar	VMIS3S00
recongelàrem	recongelar	VMIS1P00
recongelàrem	recongelar	VMSI1P03
recongelàreu	recongelar	VMIS2P00
recongelàreu	recongelar	VMSI2P03
recongelàs	recongelar	VMSI1S07
recongelàs	recongelar	VMSI3S07
recongelàssem	recongelar	VMSI1P06
recongelàsseu	recongelar	VMSI2P06
recongelàssim	recongelar	VMSI1P04
recongelàssiu	recongelar	VMSI2P04
recongelàvem	recongelar	VMII1P00
recongelàveu	recongelar	VMII2P00
recongelés	recongelar	VMSI1S01
recongelés	recongelar	VMSI3S01
recongeléssem	recongelar	VMSI1P05
recongelésseu	recongelar	VMSI2P05
recongeléssim	recongelar	VMSI1P02
recongeléssiu	recongelar	VMSI2P02
recongelí	recongelar	VMIS1S00
reempaquet	reempaquetar	VMIP1S0B
reempaqueta	reempaquetar	VMIP3S00
reempaqueta	reempaquetar	VMM02S00
reempaquetada	reempaquetar	VMP00SF0
reempaquetades	reempaquetar	VMP00PF0
reempaquetam	reempaquetar	VMIP1P0B
reempaquetant	reempaquetar	VMG00000
reempaquetar	reempaquetar	VMN00000
reempaquetara	reempaquetar	VMSI1S03
reempaquetara	reempaquetar	VMSI3S03
reempaquetaran	reempaquetar	VMIF3P00
reempaquetarem	reempaquetar	VMIF1P00
reempaquetaren	reempaquetar	VMIS3P00
reempaquetaren	reempaquetar	VMSI3P03
reempaquetares	reempaquetar	VMIS2S00
reempaquetares	reempaquetar	VMSI2S03
reempaquetareu	reempaquetar	VMIF2P00
reempaquetaria	reempaquetar	VMIC1S00
reempaquetaria	reempaquetar	VMIC3S00
reempaquetarien	reempaquetar	VMIC3P00
reempaquetaries	reempaquetar	VMIC2S00
reempaquetarà	reempaquetar	VMIF3S00
reempaquetaràs	reempaquetar	VMIF2S00
reempaquetaré	reempaquetar	VMIF1S00
reempaquetaríem	reempaquetar	VMIC1P00
reempaquetaríeu	reempaquetar	VMIC2P00
reempaquetassen	reempaquetar	VMSI3P06
reempaquetasses	reempaquetar	VMSI2S06
reempaquetassin	reempaquetar	VMSI3P04
reempaquetassis	reempaquetar	VMSI2S04
reempaquetat	reempaquetar	VMP00SM0
reempaquetats	reempaquetar	VMP00PM0
reempaquetau	reempaquetar	VMIP2P0B
reempaquetau	reempaquetar	VMM02P0B
reempaquetava	reempaquetar	VMII1S00
reempaquetava	reempaquetar	VMII3S00
reempaquetaven	reempaquetar	VMII3P00
reempaquetaves	reempaquetar	VMII2S00
reempaquete	reempaquetar	VMIP1S0V
reempaquete	reempaquetar	VMM03S0V
reempaquete	reempaquetar	VMSP1S0V
reempaquete	reempaquetar	VMSP3S0V
reempaquetem	reempaquetar	VMIP1P00
reempaquetem	reempaquetar	VMM01P00
reempaquetem	reempaquetar	VMSP1P00
reempaqueten	reempaquetar	VMIP3P00
reempaqueten	reempaquetar	VMM03P0V
reempaqueten	reempaquetar	VMSP3P0V
reempaquetes	reempaquetar	VMIP2S00
reempaquetes	reempaquetar	VMSP2S0V
reempaquetessen	reempaquetar	VMSI3P05
reempaquetesses	reempaquetar	VMSI2S05
reempaquetessin	reempaquetar	VMSI3P02
reempaquetessis	reempaquetar	VMSI2S02
reempaqueteu	reempaquetar	VMIP2P00
reempaqueteu	reempaquetar	VMM02P0X
reempaqueteu	reempaquetar	VMSP2P00
reempaqueti	reempaquetar	VMM03S0Y
reempaqueti	reempaquetar	VMSP1S0Y
reempaqueti	reempaquetar	VMSP3S0Y
reempaquetin	reempaquetar	VMM03P0Y
reempaquetin	reempaquetar	VMSP3P0Y
reempaquetis	reempaquetar	VMSP2S0Y
reempaqueto	reempaquetar	VMIP1S0C
reempaquetà	reempaquetar	VMIS3S00
reempaquetàrem	reempaquetar	VMIS1P00
reempaquetàrem	reempaquetar	VMSI1P03
reempaquetàreu	reempaquetar	VMIS2P00
reempaquetàreu	reempaquetar	VMSI2P03
reempaquetàs	reempaquetar	VMSI1S07
reempaquetàs	reempaquetar	VMSI3S07
reempaquetàssem	reempaquetar	VMSI1P06
reempaquetàsseu	reempaquetar	VMSI2P06
reempaquetàssim	reempaquetar	VMSI1P04
reempaquetàssiu	reempaquetar	VMSI2P04
reempaquetàvem	reempaquetar	VMII1P00
reempaquetàveu	reempaquetar	VMII2P00
reempaquetés	reempaquetar	VMSI1S01
reempaquetés	reempaquetar	VMSI3S01
reempaquetéssem	reempaquetar	VMSI1P05
reempaquetésseu	reempaquetar	VMSI2P05
reempaquetéssim	reempaquetar	VMSI1P02
reempaquetéssiu	reempaquetar	VMSI2P02
reempaquetí	reempaquetar	VMIS1S00
reimpuls	reimpuls	NCMS000
reimpulsos	reimpuls	NCMP000
ritualitat	ritualitat	NCFS000
ritualitats	ritualitat	NCFP000
romantitz	romantitzar	VMIP1S0B
romantitza	romantitzar	VMIP3S00
romantitza	romantitzar	VMM02S00
romantitzada	romantitzar	VMP00SF0
romantitzades	romantitzar	VMP00PF0
romantitzam	romantitzar	VMIP1P0B
romantitzant	romantitzar	VMG00000
romantitzar	romantitzar	VMN00000
romantitzara	romantitzar	VMSI1S03
romantitzara	romantitzar	VMSI3S03
romantitzaran	romantitzar	VMIF3P00
romantitzarem	romantitzar	VMIF1P00
romantitzaren	romantitzar	VMIS3P00
romantitzaren	romantitzar	VMSI3P03
romantitzares	romantitzar	VMIS2S00
romantitzares	romantitzar	VMSI2S03
romantitzareu	romantitzar	VMIF2P00
romantitzaria	romantitzar	VMIC1S00
romantitzaria	romantitzar	VMIC3S00
romantitzarien	romantitzar	VMIC3P00
romantitzaries	romantitzar	VMIC2S00
romantitzarà	romantitzar	VMIF3S00
romantitzaràs	romantitzar	VMIF2S00
romantitzaré	romantitzar	VMIF1S00
romantitzaríem	romantitzar	VMIC1P00
romantitzaríeu	romantitzar	VMIC2P00
romantitzassen	romantitzar	VMSI3P06
romantitzasses	romantitzar	VMSI2S06
romantitzassin	romantitzar	VMSI3P04
romantitzassis	romantitzar	VMSI2S04
romantitzat	romantitzar	VMP00SM0
romantitzats	romantitzar	VMP00PM0
romantitzau	romantitzar	VMIP2P0B
romantitzau	romantitzar	VMM02P0B
romantitzava	romantitzar	VMII1S00
romantitzava	romantitzar	VMII3S00
romantitzaven	romantitzar	VMII3P00
romantitzaves	romantitzar	VMII2S00
romantitze	romantitzar	VMIP1S0V
romantitze	romantitzar	VMM03S0V
romantitze	romantitzar	VMSP1S0V
romantitze	romantitzar	VMSP3S0V
romantitzem	romantitzar	VMIP1P00
romantitzem	romantitzar	VMM01P00
romantitzem	romantitzar	VMSP1P00
romantitzen	romantitzar	VMIP3P00
romantitzen	romantitzar	VMM03P0V
romantitzen	romantitzar	VMSP3P0V
romantitzes	romantitzar	VMIP2S00
romantitzes	romantitzar	VMSP2S0V
romantitzessen	romantitzar	VMSI3P05
romantitzesses	romantitzar	VMSI2S05
romantitzessin	romantitzar	VMSI3P02
romantitzessis	romantitzar	VMSI2S02
romantitzeu	romantitzar	VMIP2P00
romantitzeu	romantitzar	VMM02P0X
romantitzeu	romantitzar	VMSP2P00
romantitzi	romantitzar	VMM03S0Y
romantitzi	romantitzar	VMSP1S0Y
romantitzi	romantitzar	VMSP3S0Y
romantitzin	romantitzar	VMM03P0Y
romantitzin	romantitzar	VMSP3P0Y
romantitzis	romantitzar	VMSP2S0Y
romantitzo	romantitzar	VMIP1S0C
romantitzà	romantitzar	VMIS3S00
romantitzàrem	romantitzar	VMIS1P00
romantitzàrem	romantitzar	VMSI1P03
romantitzàreu	romantitzar	VMIS2P00
romantitzàreu	romantitzar	VMSI2P03
romantitzàs	romantitzar	VMSI1S07
romantitzàs	romantitzar	VMSI3S07
romantitzàssem	romantitzar	VMSI1P06
romantitzàsseu	romantitzar	VMSI2P06
romantitzàssim	romantitzar	VMSI1P04
romantitzàssiu	romantitzar	VMSI2P04
romantitzàvem	romantitzar	VMII1P00
romantitzàveu	romantitzar	VMII2P00
romantitzés	romantitzar	VMSI1S01
romantitzés	romantitzar	VMSI3S01
romantitzéssem	romantitzar	VMSI1P05
romantitzésseu	romantitzar	VMSI2P05
romantitzéssim	romantitzar	VMSI1P02
romantitzéssiu	romantitzar	VMSI2P02
romantitzí	romantitzar	VMIS1S00
semierrada	semierrada	NCFS000
semierrades	semierrada	NCFP000
semipresencialitat	semipresencialitat	NCFS000
semipresencialitats	semipresencialitat	NCFP000
sensualíssim	sensualíssim	AQAMS0
sensualíssima	sensualíssim	AQAFS0
sensualíssimes	sensualíssim	AQAFP0
sensualíssims	sensualíssim	AQAMP0
singspiel	singspiel	NCMS000
singspiels	singspiel	NCMP000
socioconstruccionisme	socioconstruccionisme	NCMS000
socioconstruccionismes	socioconstruccionisme	NCMP000
socioconstruccionista	socioconstruccionista	AQ0CS0
socioconstruccionistes	socioconstruccionista	AQ0CP0
superbona	superbò	AQ0FS0
superbones	superbò	AQ0FP0
superbons	superbò	AQ0MP0
superbé	superbé	RG
superbò	superbò	AQ0MS0
superdivertida	superdivertit	AQ0FS0
superdivertides	superdivertit	AQ0FP0
superdivertit	superdivertit	AQ0MS0
superdivertits	superdivertit	AQ0MP0
supereficient	supereficient	AQ0CS0
supereficients	supereficient	AQ0CP0
superelegant	superelegant	AQ0CS0
superelegants	superelegant	AQ0CP0
superenriquidor	superenriquidor	AQ0MS0
superenriquidora	superenriquidor	AQ0FS0
superenriquidores	superenriquidor	AQ0FP0
superenriquidors	superenriquidor	AQ0MP0
superesponjosa	superesponjós	AQ0FS0
superesponjoses	superesponjós	AQ0FP0
superesponjosos	superesponjós	AQ0MP0
superesponjós	superesponjós	AQ0MS0
superfamosa	superfamós	AQ0FS0
superfamoses	superfamós	AQ0FP0
superfamosos	superfamós	AQ0MP0
superfamós	superfamós	AQ0MS0
superfelices	superfeliç	AQ0FP0
superfeliç	superfeliç	AQ0CS0
superfeliços	superfeliç	AQ0MP0
superfesta	superfesta	NCFS000
superfestes	superfesta	NCFP000
superfàcil	superfàcil	AQ0CS0
superfàcils	superfàcil	AQ0CP0
superguapa	superguapo	AQ0FS0
superguapes	superguapo	AQ0FP0
superguapo	superguapo	AQ0MS0
superguapos	superguapo	AQ0MP0
superintel·ligent	superintel·ligent	AQ0CS0
superintel·ligents	superintel·ligent	AQ0CP0
superinteressant	superinteressant	AQ0CS0
superinteressants	superinteressant	AQ0CP0
superoriginal	superoriginal	AQ0CS0
superoriginals	superoriginal	AQ0CP0
superpropagador	superpropagador	AQ0MS0
superpropagadora	superpropagador	AQ0FS0
superpropagadores	superpropagador	AQ0FP0
superpropagadors	superpropagador	AQ0MP0
superrebaixa	superrebaixa	NCFS000
superrebaixes	superrebaixa	NCFP000
superresistent	superresistent	AQ0CS0
superresistents	superresistent	AQ0CP0
superràpid	superràpid	AQ0MS0
superràpida	superràpid	AQ0FS0
superràpides	superràpid	AQ0FP0
superràpids	superràpid	AQ0MP0
supersuau	supersuau	AQ0CS0
supersuaus	supersuau	AQ0CP0
supervector	supervector	NCMS000
supervectors	supervector	NCMP000
superviolent	superviolent	AQ0MS0
superviolenta	superviolent	AQ0FS0
superviolentes	superviolent	AQ0FP0
superviolents	superviolent	AQ0MP0
súper-16	súper-16	AQ0CN0
súper-35	súper-35	AQ0CN0
súper-8	súper-8	AQ0CN0
tecno	tecno	NCMS000
terra-aire	terra-aire	AQ0CN0
terra-terra	terra-terra	AQ0CN0
trans	trans	AQ0CN0
transfeminista	transfeminista	AQ0CS0
transfeministes	transfeminista	AQ0CP0
transgenerisme	transgenerisme	NCMS000
transgenerismes	transgenerisme	NCMP000
troleig	troleig	NCMS000
troleigs	troleig	NCMP000
trolejos	troleig	NCMP000
túrmix	túrmix	NCMS000
vicecancellera	vicecanceller	NCFS000
vicecancelleres	vicecanceller	NCFP000
zoològic	zoològic	NCMS000
zoològics	zoològic	NCMP000
Ørsted	Ørsted	NPCNSP0
